website,n_charts,EDS_mean,EDS_max,interaction_max,EDS_project,XPS_mean_from_charts,narrative_bonus,XPS_project,any_annotation,any_result_title,any_summary,any_conclusion,EDS_norm,XPS_norm,class_label
https://ahsanv101.github.io/ProjectGaze/,13,1.1538461538461537,5,3,4.153846153846153,0.15384615384615385,2,2.1538461538461537,1,0,1,0,0.5118483412322274,0.43076923076923074,Hybrid
https://alessandrafa.github.io/buerkel-photos/index.html,11,0.7272727272727273,4,2,2.7272727272727275,0.36363636363636365,4,4.363636363636363,1,0,0,1,0.3360620422231797,0.8727272727272727,KD
https://alicebordignon.github.io/ITArtHistorians/index.html,14,1.5714285714285714,5,3,4.571428571428571,0.14285714285714285,4,4.142857142857143,1,0,0,1,0.5633039945836155,0.8285714285714286,Hybrid
https://alicepicco333.github.io/culture4all/,5,3.2,4,2,5.2,0.0,4,4.0,0,0,0,1,0.6407582938388626,0.8,Hybrid
https://aschimmenti.github.io/humansOfZeriPhotoArchive,7,1.5714285714285714,4,3,4.571428571428571,0.0,2,2.0,0,0,1,0,0.5633039945836155,0.4,EDA
https://baizhankyzy.github.io/female-directors/,5,1.0,4,2,3.0,0.2,4,4.2,1,0,0,1,0.3696682464454977,0.8400000000000001,KD
https://dbrembilla.github.io/redditholes/,26,5.115384615384615,6,3,8.115384615384615,0.0,4,4.0,0,0,0,1,1.0,0.8,Hybrid
https://digitalstory33.github.io/RENAIScience/index.html,9,1.7777777777777777,6,3,4.777777777777778,0.0,0,0.0,0,0,0,0,0.5887309110057926,0.0,EDA
https://elisasilvad.github.io/the_journey_of_art/,12,1.8333333333333333,5,3,4.833333333333333,0.4166666666666667,0,0.4166666666666667,1,1,0,0,0.5955766192733017,0.08333333333333334,EDA
https://enri-ca.github.io/EPDS_EZ/index.html,11,1.3636363636363635,5,3,4.363636363636363,0.09090909090909091,2,2.090909090909091,1,0,1,0,0.5376992675570874,0.41818181818181815,Hybrid
https://falaimo99.github.io/infoviz/website/index.html,6,2.3333333333333335,5,2,4.333333333333334,0.0,4,4.0,0,0,0,1,0.533965244865719,0.8,Hybrid
https://fran-cesca.github.io/ArtCut.github.io/,12,0.5833333333333334,4,3,3.5833333333333335,0.08333333333333333,4,4.083333333333333,1,0,0,1,0.4415481832543444,0.8166666666666667,KD
https://geostory-artelling.github.io/geostory/,11,1.5454545454545454,5,3,4.545454545454545,0.0,2,2.0,0,0,1,0,0.5601034037052994,0.4,EDA
https://giorgiacrosilla.github.io/reputationera/,7,0.8571428571428571,5,3,3.857142857142857,0.14285714285714285,2,2.142857142857143,1,0,1,0,0.4752877454299256,0.42857142857142855,KD
https://giorgimariachiara.github.io/COD/index.html,11,2.6363636363636362,5,2,4.636363636363637,1.0,4,5.0,1,1,0,1,0.5713054717794055,1.0,Hybrid
https://giuliavenditti.github.io/Streamingocracy/,21,0.5714285714285714,5,3,3.571428571428571,0.23809523809523808,4,4.238095238095238,0,1,0,1,0.44008124576844954,0.8476190476190476,KD
https://gravazzini.github.io/womenlens/,4,1.0,4,2,3.0,0.0,4,4.0,0,0,0,1,0.3696682464454977,0.8,KD
https://humboldtproject.github.io/Epds/index,11,2.0,5,3,5.0,0.0,0,0.0,0,0,0,0,0.6161137440758294,0.0,EDA
https://infoviz-icd.github.io/Infoviz-ICD/,5,1.6,5,2,3.6,0.0,0,0.0,0,0,0,0,0.4436018957345972,0.0,Descriptive
https://laurentfintoni.github.io/Net-Art-Rev/,19,1.0526315789473684,4,3,4.052631578947368,0.2631578947368421,4,4.2631578947368425,1,1,1,1,0.49937640309304066,0.8526315789473685,Hybrid
https://ludovicaerre.github.io/Judith-and-Salom-/,3,1.0,3,3,4.0,0.0,2,2.0,0,0,1,0,0.49289099526066354,0.4,Descriptive
https://madrigalis.github.io/index,13,0.6153846153846154,4,3,3.6153846153846154,0.0,2,2.0,0,0,1,0,0.4454976303317536,0.4,Descriptive
https://manueleveggi.github.io/infoviz/,8,1.875,4,3,4.875,0.0,0,0.0,0,0,0,0,0.6007109004739337,0.0,EDA
https://martrioska.github.io/,10,2.5,5,3,5.5,0.0,2,2.0,0,0,1,0,0.6777251184834123,0.4,EDA
https://nft-iness.github.io/New_NFT_Project/,6,0.3333333333333333,1,0,0.3333333333333333,0.0,0,0.0,0,0,0,0,0.04107424960505529,0.0,Descriptive
https://nicoleliggeri.github.io/Italy-in-Magazienes/,5,2.0,5,3,5.0,0.0,0,0.0,0,0,0,0,0.6161137440758294,0.0,EDA
https://nnastyamarchenko.github.io/GREEN/,3,0.0,0,0,0.0,1.0,4,5.0,0,1,0,1,0.0,1.0,KD
https://pauliussekliuckis.wixsite.com/renaissance-data-pro,3,0.3333333333333333,1,0,0.3333333333333333,0.3333333333333333,0,0.3333333333333333,1,0,0,0,0.04107424960505529,0.06666666666666667,Descriptive
https://safeandsoundinfoviz.github.io/safe_and_sound/,4,1.0,4,2,3.0,0.0,0,0.0,0,0,0,0,0.3696682464454977,0.0,Descriptive
https://sarahtew.github.io/wikigen/,9,0.5555555555555556,1,0,0.5555555555555556,0.4444444444444444,2,2.4444444444444446,1,0,1,0,0.06845708267509217,0.48888888888888893,KD
https://sterenz.github.io/IconoGraph/,3,2.3333333333333335,4,3,5.333333333333334,0.0,4,4.0,0,0,0,1,0.6571879936808848,0.8,Hybrid
https://valentinacozzi.github.io/portraits_en_nuances/,9,0.5555555555555556,3,3,3.5555555555555554,0.1111111111111111,0,0.1111111111111111,1,0,0,0,0.43812532912058977,0.02222222222222222,Descriptive
https://wieswies.github.io/lifeincolor/,6,0.8333333333333334,4,3,3.8333333333333335,0.16666666666666666,0,0.16666666666666666,1,0,0,0,0.4723538704581359,0.03333333333333333,Descriptive
